Horizonte,MAE,MSE,RMSE,MAPE,BDS_pvalue_h1
1,0.05784559650274273,0.006567606511652464,0.0810407706753364,9.843403437949574,0.946842633961309
2,0.046213767749486066,0.0038928925897722144,0.06239304921040656,7.688255059585426,
3,0.0671254410457485,0.013973829114189306,0.11821095175231991,9.744263196406513,
4,0.0448848764357341,0.003618332465734736,0.060152576551089944,7.987844173319004,
5,0.05679955808600252,0.004646546005444544,0.06816557786335083,11.999016470265031,
6,0.07599815008480855,0.010211877534898132,0.10105383483519134,12.83922445385337,
7,0.09726460648525236,0.01964924752986962,0.14017577369099704,18.556544526995086,
Promedio,0.0637331423413964,0.008937190250223003,0.09017036208267028,11.23693590262486,
