Horizonte,MAE,MSE,RMSE,MAPE,BDS_pvalue_h1
1,0.07038441072337304,0.014967323993185806,0.12234101517146981,12.613230330574485,0.6786990695155504
2,0.07078142298675963,0.008926487266837655,0.09448008926137641,14.042628685356409,
3,0.07322980504993133,0.008613831162406514,0.09281072762567114,13.12703506542717,
4,0.06620812221973416,0.007200336117605098,0.08485479431125326,13.100926615257105,
5,0.04136628742992847,0.0029372035762085364,0.054195973800721914,8.169427553541203,
6,0.08960278817071111,0.03303156685257339,0.18174588538003658,12.86825229453384,
7,0.07330464566484485,0.018892903537834935,0.13745145884214885,10.71784443492199,
Promedio,0.06926821174932608,0.013509950358093135,0.10969713491323971,12.091334997087458,
