Horizonte,MAE,MSE,RMSE,MAPE,BDS_pvalue_h1
1,0.09154715801056122,0.032639688723218686,0.1806645751751535,13.81967138324322,0.6690095592742681
2,0.06977636319149363,0.011542592435157468,0.10743645766292496,13.614969657908008,
3,0.07944234395593622,0.00939144958701441,0.09690949172818115,15.100938002389597,
4,0.06557141550240796,0.006948404577276195,0.08335709074383651,13.85464497184178,
5,0.038325601531895175,0.0023887913443277394,0.04887526311261904,7.266991137557191,
6,0.09275785562839146,0.026893886247461918,0.1639935555058854,15.43999473080388,
7,0.09484958781185993,0.02213843832119421,0.1487899133718217,16.32040453227504,
Promedio,0.07603861794750652,0.015991893033664377,0.11857519247148889,13.63108777371696,
