Horizonte,MAE,MSE,RMSE,MAPE,BDS_pvalue_h1
1,0.047632878801448064,0.004651794066298183,0.06820406194867124,8.172713673277576,0.042031962480737886
2,0.04502554653184654,0.004125845651899679,0.06423274594706098,8.290923525459917,
3,0.05702311800705911,0.009713012491519818,0.09855461679454605,9.348131460408958,
4,0.04220107170514435,0.002934148575910351,0.05416778171487504,7.248881621941897,
5,0.05454698628081828,0.004769827453543502,0.0690639374315098,11.634894577739036,
6,0.06528785114037146,0.006443066737977243,0.08026871581118787,12.919632451992873,
7,0.06988719477366896,0.0076927879440291305,0.08770853974402452,14.364580592219923,
Promedio,0.05451494960576525,0.005761497560168272,0.0746000570559822,10.282822557577171,
