Horizonte,MAE,MSE,RMSE,MAPE,BDS_pvalue_h1
1,0.07619989747245505,0.012534445546138273,0.11195733806293481,14.801405861086334,0.5118251309967707
2,0.05886424870437954,0.006514932366338662,0.0807151309627796,10.840321012869481,
3,0.04954513910096618,0.003862452197060228,0.0621486298888417,9.47691623605036,
4,0.047395590458181855,0.0035372306770895205,0.05947462212649628,8.620011547591966,
5,0.04118588484281507,0.003202729782696324,0.05659266544965279,8.128916890338568,
6,0.0663835405122482,0.007615003140765846,0.08726398535917235,12.938076074668214,
7,0.0789400739887642,0.03154539404052678,0.1776102306752817,11.435928147408413,
Promedio,0.0597877678685443,0.009830312535802233,0.09082322893216561,10.891653681430478,
