Horizonte,MAE,MSE,RMSE,MAPE,BDS_pvalue_h1
1,0.0869558481960653,0.02909169640930856,0.17056288110051543,13.287351171326762,0.7676074377976149
2,0.07312434620396925,0.009464809427769777,0.0972872521339244,13.410948269538144,
3,0.05205887299294861,0.004169709983563628,0.06457329156519456,9.095380343846662,
4,0.06918091460637388,0.007379062582324518,0.08590147019885351,12.541134656056013,
5,0.05620277776007457,0.006236364402872281,0.07897065532761065,11.1801292740953,
6,0.08929527143638986,0.04361570457874804,0.20884373243827078,11.705412407062141,
7,0.08796904589787573,0.030292427089886415,0.1740471978800188,13.779760023076411,
Promedio,0.07354101101338531,0.018607110639210462,0.12574092580634116,12.142873735000205,
