Horizonte,MAE,MSE,RMSE,MAPE,BDS_pvalue_h1
1,0.023812943383294642,0.0011395234090459147,0.0337568275915542,3.7848066219954077,0.6109352361485884
2,0.037415553945737895,0.005667874363952458,0.07528528650375489,5.696678116515783,
3,0.05265740117941917,0.014508776075210096,0.12045238094454629,10.19096631252014,
4,0.04073129780492439,0.0030430827462686904,0.05516414366478184,7.485755203422524,
5,0.03761383644333652,0.002327585733279471,0.048245059159249364,6.750220479333473,
6,0.026777498381481427,0.0015718579593989501,0.03964666391260367,4.282890237032205,
7,0.02909172993360123,0.002180274854566016,0.04669341339595999,4.702469095800329,
Promedio,0.0354428944388279,0.0043484250202459425,0.059891967881778606,6.127683723802838,
