Horizonte,MAE,MSE,RMSE,MAPE,BDS_pvalue_h1
1,0.03748740530134896,0.010489945702951474,0.10242043596349057,6.743445679609958,0.8915469129181351
2,0.03667338176661187,0.0027063485182384052,0.05202257700497357,6.757439006610368,
3,0.03645495266553785,0.003304603600489539,0.05748568169978972,6.473720679345886,
4,0.043625327929007925,0.006507381237020545,0.08066834098344,6.62033255714715,
5,0.03982378688621195,0.003210153394781549,0.05665821559828326,7.597543977926264,
6,0.031413751695067015,0.004778095057608169,0.06912376622847,4.358839046635537,
7,0.02927088665940308,0.004474514356799779,0.0668918108351073,3.993402853350668,
Promedio,0.036392784700455524,0.005067291695412779,0.0693244040447935,6.07781768580369,
