Horizonte,MAE,MSE,RMSE,MAPE,BDS_pvalue_h1
1,0.03561676227204992,0.002098788715524525,0.04581253884609021,6.69464884928683,0.12480855191333039
2,0.03893609737003013,0.0032170044586904848,0.0567186429552972,6.663947743165533,
3,0.047235237798574574,0.007109647049329189,0.08431872300580215,8.13774365264931,
4,0.05689483932186546,0.009226191675850056,0.09605306697784333,10.90456553973165,
5,0.04306387155205429,0.002802959933313561,0.05294298757449905,7.975055729543036,
6,0.03579116539679137,0.002569384824365667,0.050689099660239254,7.12131659499028,
7,0.039855462830180405,0.00542249383538836,0.07363758439403319,7.86183086336834,
Promedio,0.042484776648792306,0.004635210070351691,0.06573894905911491,7.90844413896214,
