Horizonte,MAE,MSE,RMSE,MAPE,BDS_pvalue_h1
1,0.023821395053077607,0.0010090562798396837,0.03176564622103073,4.535148848054282,0.8528499679260553
2,0.042511072371818476,0.003083840696661155,0.05553233919673432,7.407713391880651,
3,0.04570152629581125,0.006098222958085274,0.07809111958529776,7.2353401048491985,
4,0.04857359318177452,0.005596781850852003,0.07481164248198273,10.170362611148597,
5,0.041076769890698556,0.00292846822408298,0.0541153233759439,7.4356450033835575,
6,0.029011468862663276,0.002414757826781935,0.04914018545734168,5.2611970129945735,
7,0.03367587618822546,0.003373404146172526,0.05808101364622114,6.009937088382091,
Promedio,0.037767385977724166,0.0035006474260679365,0.05736246713779318,6.865049151527564,
