Horizonte,MAE,MSE,RMSE,MAPE,BDS_pvalue_h1
1,0.03024883561733359,0.007048701817220475,0.08395654719687129,5.779067470591943,0.9726225439211883
2,0.04390086727740618,0.0052750781654161616,0.07262973334259297,7.506182594046823,
3,0.034280153534539635,0.002520688168512479,0.05020645544661044,6.096272166436676,
4,0.04535331051869558,0.007060807260552094,0.08402860977400552,7.114622661121478,
5,0.03924912044010175,0.003303794421602357,0.057478643178161024,6.677889322524742,
6,0.023782320939856137,0.0012917748978568924,0.035941270120251625,3.6416896391071867,
7,0.024639193052469397,0.001716456111706449,0.04143013530881174,3.8702029105363245,
Promedio,0.034493400197200326,0.004031042977552415,0.06081019919532923,5.812275252052168,
