Horizonte,MAE,MSE,RMSE,MAPE,BDS_pvalue_h1
1,0.04182850226966116,0.005824937991808386,0.0763212813821177,8.49931379471511,0.005072758465731627
2,0.04063466156524528,0.003031862761861808,0.055062353399231025,6.992409634695787,
3,0.04586223073387699,0.004675230628841475,0.06837565816020695,8.276421659846422,
4,0.05206842149766144,0.006957160942121172,0.08340959742212627,8.312860925095922,
5,0.04375085775964835,0.0032567017500631317,0.05706751922120964,8.372988066751583,
6,0.03642796123481832,0.003801156702741123,0.061653521413955935,6.091386857100337,
7,0.036949951576914615,0.007480348048163659,0.08648900536000896,5.386905914701669,
Promedio,0.04250322666254659,0.005003914117942965,0.06976841947983664,7.418898121843832,
