Horizonte,MAE,MSE,RMSE,MAPE,BDS_pvalue_h1
1,0.04633329168978058,0.004694903718621171,0.06851936747096525,7.639098371442822,0.7136732959235365
2,0.034542839140181074,0.002091276579444155,0.045730477577258635,6.220420718378048,
3,0.04152827562986199,0.002523592016527302,0.050235366192825766,7.4869228220811115,
4,0.04284399063706279,0.00310230694457871,0.05569835674935761,7.637391931894817,
5,0.05672533745268501,0.008867642307597266,0.0941681597335175,11.28355143548016,
6,0.04337627038787907,0.0038792394448598703,0.06228354072192645,7.241633457175878,
7,0.042998447591284523,0.0036342702391540783,0.06028490888401573,7.5440249572143445,
Promedio,0.044049778932676434,0.0041133187501117925,0.062417168189980984,7.864720527666742,
