Horizonte,MAE,MSE,RMSE,MAPE,BDS_pvalue_h1
1,0.03459519344839839,0.002171143240690038,0.046595528119016294,6.316844156502518,0.663501652382756
2,0.028874415802546165,0.0022291837362396444,0.04721423234830409,4.741900701718966,
3,0.04086101718875436,0.004049353700857291,0.0636345322985664,6.150395011854495,
4,0.05393329706612863,0.007571742846013518,0.08701576205500655,8.189805553056466,
5,0.05910984245747553,0.007552308612119222,0.08690401953948518,10.396622746676773,
6,0.030066663987877083,0.0015585897824340954,0.03947897899432172,5.664455548818916,
7,0.033608732915254895,0.002625845774532188,0.05124300707932925,6.360378213163423,
Promedio,0.040149880409490725,0.003965452527555142,0.060298008633432786,6.831485990255936,
