Horizonte,MAE,MSE,RMSE,MAPE,BDS_pvalue_h1
1,0.02537024018300755,0.0010576820343297475,0.032522023835083624,4.897615154750246,0.15482532229771956
2,0.039321133473347904,0.0023417939615127292,0.04839208573220139,6.6556885607593514,
3,0.0646090093175047,0.009385116634923672,0.09687681164718248,11.113907804612658,
4,0.06412954087119452,0.011365427110461535,0.10660875719405763,12.459347185624704,
5,0.05732524593290984,0.005858367800561081,0.07653997518003962,10.856407185027042,
6,0.02984392232927019,0.0014003641992131784,0.03742144036796524,5.588160015750881,
7,0.034293858317892056,0.002042068586945943,0.04518925300274328,6.157100152155123,
Promedio,0.04498470720358954,0.004778688618278269,0.06336433527989618,8.246889436954286,
