Horizonte,MAE,MSE,RMSE,MAPE,BDS_pvalue_h1
1,0.03631155814312149,0.0026856707694767326,0.051823457714405094,5.893851905213685,0.12749293251803878
2,0.038835510885123284,0.00241156625515919,0.049107700568843476,6.3933798589244795,
3,0.06732354084178202,0.011402371401494086,0.10678188704782327,12.335210422888833,
4,0.08305920356272496,0.024073805060915863,0.15515735580666443,15.818485227478302,
5,0.05517664248601745,0.005445387450177564,0.07379286855907936,10.21433858192657,
6,0.03334344361467478,0.0021689731493979756,0.04657223582133432,6.290333357015161,
7,0.032997532071603414,0.001924604754034331,0.04387031745992193,5.9787026725783115,
Promedio,0.04957820451500677,0.00715891126295082,0.07530083185401026,8.989186003717904,
