Horizonte,MAE,MSE,RMSE,MAPE,BDS_pvalue_h1
1,0.03808727989560814,0.0032298099466155005,0.05683141689783478,6.325435945481991,0.8749928916929897
2,0.030043377212360247,0.0019549321953875472,0.044214615178553206,4.751195389887996,
3,0.03690605688045438,0.0021239815605045365,0.04608667443529134,6.532922533955797,
4,0.05211092447429751,0.005263741011843492,0.07255164375700589,8.159190483649862,
5,0.05321118229313947,0.005327048746720455,0.07298663402788523,10.027334514131635,
6,0.04147197193746177,0.003928815260997933,0.06268026213249218,7.392155395089849,
7,0.03390233503077287,0.0017602950834781042,0.04195587066762057,6.181575742099118,
Promedio,0.0408190182462992,0.00336980340079251,0.056758159585240456,7.052830000613751,
