Horizonte,MAE,MSE,RMSE,MAPE,BDS_pvalue_h1
1,0.04220190653633734,0.005545262871410292,0.07446652181625171,6.83654272593824,0.8965439873263408
2,0.03541560953290271,0.002589256254303659,0.0508847349831328,5.541850534345271,
3,0.04437101793301611,0.0028861150108075375,0.05372257449906452,7.813527502820635,
4,0.06496845745307638,0.0074648030442860825,0.08639909168669589,10.686930292417186,
5,0.05768493629339911,0.005167363760330172,0.07188437772096364,11.31505779159743,
6,0.0475100353068627,0.006399706723946417,0.07999816700366588,8.506146856060496,
7,0.043201144342831115,0.004846260130147555,0.06961508550700454,7.979888710329841,
Promedio,0.04790758677120364,0.004985538256461674,0.06956722188811129,8.38284920192987,
