n_lag,RMSE_prom,RMSE_std,MAE_prom,MAPE_prom,MSE_prom,BDS_pvalue_h1_prom
7,0.06228567443497481,0.009219579863138691,0.038070094852235156,6.741060914712929,0.004174924790778651,0.43303687992916257
14,0.06267952959593838,0.01583699279740415,0.044752091291174786,7.8591360350414625,0.00432761036559944,0.5059952819859297
21,0.10699534375570427,0.03341306443919744,0.06825070610904586,11.930162834247337,0.01324623718257782,0.7564204099294419
28,0.09150311942258388,0.01523181421286195,0.06605472221820505,11.799854068601599,0.008978038606717783,0.5838423465431049
