Horizonte,MAE,MSE,RMSE,MAPE,BDS_pvalue_h1
1,0.06138306596302181,0.011063915285793641,0.1051851476482951,9.9134804669401,0.772541283974989
2,0.049752574186012526,0.004746357292754331,0.06889381171596133,9.189818263718163,
3,0.03305433935438041,0.001737416009014893,0.04168232250025055,6.373313484682708,
4,0.06594121235466473,0.006188779944070687,0.07866879905064451,11.245220777957448,
5,0.09888985147191408,0.01722652440507403,0.13124985487639226,16.444463090013002,
6,0.07092255671847951,0.016172720375515707,0.12717201097535458,11.371909309158088,
7,0.05919274065118662,0.00883766660434326,0.09400886449874427,9.61178414725978,
Promedio,0.06273376295709425,0.009424768559509508,0.09240868732366322,10.592855648532757,
