Horizonte,MAE,MSE,RMSE,MAPE,BDS_pvalue_h1
1,0.05483115128020107,0.00475341495406813,0.06894501398990452,9.442787207738586,0.9154979439464628
2,0.06835369915973416,0.008772864128206761,0.09366356884192893,10.821783313137626,
3,0.061655071931662656,0.0073205998954461145,0.08556050429635227,13.322803010614095,
4,0.05169027555594694,0.005565725353565331,0.07460378913678133,8.857666229520099,
5,0.07687352783088834,0.010780261679927355,0.1038280389871992,15.02569961431244,
6,0.05957075461877116,0.00632826201218257,0.07955037405432215,11.420389553242579,
7,0.07143951782906995,0.00792236597536857,0.08900767368810719,12.256295377383431,
Promedio,0.06348771402946775,0.007349070571252119,0.08502270899922795,11.592489186564121,
