Horizonte,MAE,MSE,RMSE,MAPE,BDS_pvalue_h1
1,0.06627968294652546,0.006814705119094264,0.08255122724159988,11.702661283623431,0.5707525326130864
2,0.04735215017312276,0.003784270063603829,0.06151642108903792,8.088756528020587,
3,0.044961304816890466,0.0029071872348712295,0.05391833857669605,9.465315191531642,
4,0.05172340119142027,0.005258986015849685,0.0725188666200023,9.826776580792256,
5,0.08797313616806411,0.027356280994077192,0.16539734276607104,15.188934899889176,
6,0.05400188972894471,0.005120658598693909,0.07155877723028747,10.140722933563419,
7,0.08028713989279353,0.012487787790385176,0.11174877086744701,13.457151897690665,
Promedio,0.06179695784539447,0.00910426797379647,0.08845853491302023,11.124331330730168,
