Horizonte,MAE,MSE,RMSE,MAPE,BDS_pvalue_h1
1,0.0833904627054438,0.012311196618672074,0.11095583183714172,17.40437800936821,0.24625813865271337
2,0.05499750788314279,0.005597580922961192,0.07481698285122966,10.20417329062179,
3,0.05038491666767577,0.0038864423851837295,0.0623413376916451,9.522093948452927,
4,0.06226792704067092,0.007160217746206955,0.08461806985630761,11.078237264519657,
5,0.11205222598559612,0.040426435163694,0.2010632615961802,18.121277244457843,
6,0.0657993038435989,0.009053774198445306,0.09515132263108751,12.562179437160356,
7,0.06207877263212287,0.006497262914001091,0.08060560100886967,11.218786673739753,
Promedio,0.07013873096546445,0.012133272849880621,0.10136462963892308,12.87301798118865,
