Horizonte,MAE,MSE,RMSE,MAPE,BDS_pvalue_h1
1,0.09713842028427541,0.015361248620904672,0.12394050435957032,18.758815043178753,0.3111625130512544
2,0.1018746151115671,0.01720988330220636,0.13118644481121652,16.709175919280288,
3,0.06603074154559362,0.007140423375336362,0.08450102588333684,11.846016881468469,
4,0.056996525975171734,0.005128467103592869,0.07161331652418333,10.316672038703063,
5,0.08215571053405156,0.011757973082469094,0.10843418779365249,17.226623852879513,
6,0.08630713941644565,0.010461959412078755,0.10228372017128999,16.33357624219789,
7,0.09873381985661153,0.01654240075812726,0.12861726461920756,17.553096944099817,
Promedio,0.08417671038910238,0.01194319366495934,0.10722520916606529,15.534853845972544,
