Horizonte,MAE,MSE,RMSE,MAPE,BDS_pvalue_h1
1,0.08055062817843313,0.012601180909718528,0.11225498166993983,14.96121984048501,0.6872334199745156
2,0.055529830506319544,0.00395841735116671,0.06291595466307978,9.075311159007384,
3,0.06444987991909745,0.005782591259711646,0.07604335118675166,14.51560567811552,
4,0.049394828846711834,0.004820924010541389,0.06943287413424126,9.971223295670608,
5,0.06983233035905972,0.010359055862334899,0.10177944715086096,14.915786395141565,
6,0.10153679183526851,0.0152334035647856,0.12342367505784942,19.398229928982268,
7,0.08758938379302077,0.010584886379652285,0.10288287699929607,15.570782277378651,
Promedio,0.07269766763398729,0.009048637048273009,0.0926761658374313,14.058308367825859,
